"","issue","mds","congress","issue2","mds2","congress2"
"1","Economics",0.129290373,80,"Economics",-0.199178116,80
"2","Civil.Rights",-0.414845369,80,"Civil.Rights",-0.444610865,80
"3","Health",-0.347409743,80,"Health",-0.31245477,80
"4","Agriculture",-0.21253849,80,"Agriculture",-0.255816443,80
"5","Labor",-0.18695946,80,"Labor",-0.331334212,80
"6","Education",-0.307878513,80,"Education",-0.255816443,80
"7","Environment",-0.412520002,80,"Environment",-0.387972539,80
"8","Energy",-0.477630262,80,"Energy",-0.406851981,80
"9","Immigration",-0.200911658,80,"Immigration",-0.293575327,80
"10","Transportation",0.00139522,80,"Transportation",0.197290172,80
"11","Law.Crime",-0.21951459,80,"Law.Crime",-0.218057558,80
"12","Welfare",-0.298577048,80,"Welfare",-0.444610865,80
"13","Housing",-0.289275582,80,"Housing",-0.369093096,80
"14","Commerce",-0.066040406,80,"Commerce",-0.180298674,80
"15","Defense",2.098875727,80,"Defense",1.518851131,80
"16","Science",-0.55669272,80,"Science",-0.444610865,80
"17","Trade",-0.398567804,80,"Trade",-0.236937,80
"18","International.Affairs",-0.384615605,80,"International.Affairs",-0.236937,80
"19","Government.Operations",1.48730436,80,"Government.Operations",1.632127784,80
"20","Public.Lands",1.057111573,80,"Public.Lands",1.669886669,80
"21","Economics",0.047484422,81,"Economics",-0.113327929,81
"22","Civil.Rights",-0.419219611,81,"Civil.Rights",-0.429591916,81
"23","Health",-0.278123043,81,"Health",-0.394451473,81
"24","Agriculture",-0.035726375,81,"Agriculture",-0.148468372,81
"25","Labor",-0.26546053,81,"Labor",-0.394451473,81
"26","Education",-0.241944436,81,"Education",-0.376881252,81
"27","Environment",-0.498812547,81,"Environment",-0.324170587,81
"28","Energy",-0.491576825,81,"Energy",-0.429591916,81
"29","Immigration",-0.346862397,81,"Immigration",-0.376881252,81
"30","Transportation",-0.01040135,81,"Transportation",0.097514729,81
"31","Law.Crime",-0.109892519,81,"Law.Crime",-0.043047043,81
"32","Welfare",-0.332390954,81,"Welfare",-0.341740809,81
"33","Housing",-0.241944436,81,"Housing",-0.341740809,81
"34","Commerce",-0.093612146,81,"Commerce",-0.166038593,81
"35","Defense",1.737025378,81,"Defense",0.853034255,81
"36","Science",-0.553080458,81,"Science",-0.447162138,81
"37","Trade",-0.410174959,81,"Trade",-0.218749258,81
"38","International.Affairs",-0.383041004,81,"International.Affairs",-0.166038593,81
"39","Government.Operations",1.905255902,81,"Government.Operations",1.731545331,81
"40","Public.Lands",1.022497886,81,"Public.Lands",2.030239097,81
"41","Economics",-0.003662053,82,"Economics",0.29466099,82
"42","Civil.Rights",-0.390466366,82,"Civil.Rights",-0.538723629,82
"43","Health",-0.34697949,82,"Health",-0.508959893,82
"44","Agriculture",-0.243984259,82,"Agriculture",-0.211322529,82
"45","Labor",-0.157010508,82,"Labor",-0.44943242,82
"46","Education",-0.305781398,82,"Education",-0.479196156,82
"47","Environment",-0.472862551,82,"Environment",-0.44943242,82
"48","Energy",-0.49575038,82,"Energy",-0.44943242,82
"49","Immigration",-0.289759917,82,"Immigration",-0.092267583,82
"50","Transportation",0.026092125,82,"Transportation",0.116078572,82
"51","Law.Crime",-0.031127448,82,"Law.Crime",0.026787363,82
"52","Welfare",-0.205074949,82,"Welfare",-0.330377474,82
"53","Housing",-0.429375675,82,"Housing",-0.44943242,82
"54","Commerce",-0.150144159,82,"Commerce",-0.092267583,82
"55","Defense",1.852540893,82,"Defense",1.157809346,82
"56","Science",-0.525504558,82,"Science",-0.538723629,82
"57","Trade",-0.305781398,82,"Trade",-0.03274011,82
"58","International.Affairs",-0.372156102,82,"International.Affairs",-0.360141211,82
"59","Government.Operations",1.779299839,82,"Government.Operations",1.425682974,82
"60","Public.Lands",1.067488352,82,"Public.Lands",1.96143023,82
"61","Economics",0.421419764,83,"Economics",-0.082429333,83
"62","Civil.Rights",-0.446960356,83,"Civil.Rights",-0.437188489,83
"63","Health",-0.465535332,83,"Health",-0.353715747,83
"64","Agriculture",0.063851479,83,"Agriculture",-0.207638447,83
"65","Labor",-0.080104583,83,"Labor",-0.353715747,83
"66","Education",-0.340154245,83,"Education",-0.186770262,83
"67","Environment",-0.523582132,83,"Environment",-0.416320304,83
"68","Energy",-0.549122723,83,"Energy",-0.374583932,83
"69","Immigration",-0.453925972,83,"Immigration",-0.374583932,83
"70","Transportation",0.082426455,83,"Transportation",0.063647966,83
"71","Law.Crime",-0.159048231,83,"Law.Crime",-0.29111119,83
"72","Welfare",-0.003482808,83,"Welfare",-0.374583932,83
"73","Housing",-0.5096509,83,"Housing",-0.353715747,83
"74","Commerce",-0.18226695,83,"Commerce",-0.14503389,83
"75","Defense",1.287478013,83,"Defense",1.065320877,83
"76","Science",-0.607169523,83,"Science",-0.374583932,83
"77","Trade",-0.25192311,83,"Trade",-0.103297519,83
"78","International.Affairs",-0.53286962,83,"International.Affairs",-0.311979375,83
"79","Government.Operations",1.714702458,83,"Government.Operations",1.461816405,83
"80","Public.Lands",1.535918315,83,"Public.Lands",2.150466531,83
"81","Economics",-0.026916318,84,"Economics",-0.087149207,84
"82","Civil.Rights",-0.460114973,84,"Civil.Rights",-0.454093239,84
"83","Health",-0.43473932,84,"Health",-0.362357231,84
"84","Agriculture",0.498722218,84,"Agriculture",-0.050454804,84
"85","Labor",0.098149402,84,"Labor",-0.472440441,84
"86","Education",-0.291548133,84,"Education",-0.252274022,84
"87","Environment",-0.50542864,84,"Environment",-0.435746037,84
"88","Energy",-0.51086628,84,"Energy",-0.380704433,84
"89","Immigration",-0.512678827,84,"Immigration",-0.454093239,84
"90","Transportation",0.022022442,84,"Transportation",0.11467001,84
"91","Law.Crime",-0.235359186,84,"Law.Crime",-0.252274022,84
"92","Welfare",-0.099418185,84,"Welfare",-0.435746037,84
"93","Housing",-0.3912382,84,"Housing",-0.435746037,84
"94","Commerce",-0.052291972,84,"Commerce",0.077975607,84
"95","Defense",1.292617661,84,"Defense",1.362279717,84
"96","Science",-0.664932748,84,"Science",-0.417398836,84
"97","Trade",-0.400300933,84,"Trade",-0.123843611,84
"98","International.Affairs",-0.534429387,84,"International.Affairs",-0.252274022,84
"99","Government.Operations",1.758442157,84,"Government.Operations",1.288890911,84
"100","Public.Lands",1.450309222,84,"Public.Lands",2.022778974,84
"101","Economics",-0.029092886,85,"Economics",-0.138118598,85
"102","Civil.Rights",-0.396673661,85,"Civil.Rights",-0.475507541,85
"103","Health",-0.57088256,85,"Health",-0.433333923,85
"104","Agriculture",0.519665144,85,"Agriculture",-0.053771363,85
"105","Labor",0.000522627,85,"Labor",-0.370073496,85
"106","Education",-0.206785962,85,"Education",-0.243552643,85
"107","Environment",-0.590045539,85,"Environment",-0.391160305,85
"108","Energy",-0.614434784,85,"Energy",-0.285726261,85
"109","Immigration",-0.617918962,85,"Immigration",-0.433333923,85
"110","Transportation",0.352424601,85,"Transportation",0.220357153,85
"111","Law.Crime",-0.278211611,85,"Law.Crime",-0.159205407,85
"112","Welfare",0.127695122,85,"Welfare",-0.30681307,85
"113","Housing",-0.494230644,85,"Housing",-0.475507541,85
"114","Commerce",0.084142898,85,"Commerce",-0.222465834,85
"115","Defense",1.106749131,85,"Defense",0.916221847,85
"116","Science",-0.633597763,85,"Science",-0.475507541,85
"117","Trade",-0.199817606,85,"Trade",0.114923109,85
"118","International.Affairs",-0.647534475,85,"International.Affairs",-0.433333923,85
"119","Government.Operations",1.91333633,85,"Government.Operations",1.61208654,85
"120","Public.Lands",1.174690601,85,"Public.Lands",2.033822718,85
"121","Economics",0.235861888,86,"Economics",0.121218145,86
"122","Civil.Rights",-0.42490475,86,"Civil.Rights",-0.507320383,86
"123","Health",-0.507942269,86,"Health",-0.350185751,86
"124","Agriculture",0.085687652,86,"Agriculture",-0.080812096,86
"125","Labor",0.020317691,86,"Labor",-0.462424774,86
"126","Education",-0.285331048,86,"Education",-0.484872578,86
"127","Environment",-0.592746543,86,"Environment",-0.39508136,86
"128","Energy",-0.619247879,86,"Energy",-0.372633556,86
"129","Immigration",-0.675784062,86,"Immigration",-0.462424774,86
"130","Transportation",0.407237193,86,"Transportation",0.188561558,86
"131","Law.Crime",-0.283564293,86,"Law.Crime",-0.260394533,86
"132","Welfare",0.113955744,86,"Welfare",-0.417529165,86
"133","Housing",-0.481440933,86,"Housing",-0.462424774,86
"134","Commerce",0.025617958,86,"Commerce",0.121218145,86
"135","Defense",1.115706235,86,"Defense",1.266056177,86
"136","Science",-0.451406086,86,"Science",-0.417529165,86
"137","Trade",-0.308298873,86,"Trade",-0.035916487,86
"138","International.Affairs",-0.534443604,86,"International.Affairs",-0.327737947,86
"139","Government.Operations",2.032652452,86,"Government.Operations",1.3782952,86
"140","Public.Lands",1.128073525,86,"Public.Lands",1.961938118,86
"141","Economics",-0.071647356,87,"Economics",-0.340453924,87
"142","Civil.Rights",-0.420356561,87,"Civil.Rights",-0.510680886,87
"143","Health",-0.317458762,87,"Health",-0.276618813,87
"144","Agriculture",-0.018292942,87,"Agriculture",-0.04255674,87
"145","Labor",0.103660004,87,"Labor",-0.340453924,87
"146","Education",-0.020198457,87,"Education",-0.425567405,87
"147","Environment",-0.528970903,87,"Environment",-0.446845775,87
"148","Energy",-0.742388559,87,"Energy",-0.383010664,87
"149","Immigration",-0.721427896,87,"Immigration",-0.531959256,87
"150","Transportation",0.480951931,87,"Transportation",0.191505332,87
"151","Law.Crime",-0.283159496,87,"Law.Crime",0.085113481,87
"152","Welfare",-0.104041107,87,"Welfare",-0.425567405,87
"153","Housing",-0.488955093,87,"Housing",-0.383010664,87
"154","Commerce",-0.016387427,87,"Commerce",-0.02127837,87
"155","Defense",1.1859924,87,"Defense",1.340537325,87
"156","Science",-0.494671637,87,"Science",-0.404289035,87
"157","Trade",-0.191694787,87,"Trade",-0.191505332,87
"158","International.Affairs",-0.454655827,87,"International.Affairs",-0.255340443,87
"159","Government.Operations",2.09111192,87,"Government.Operations",1.553321028,87
"160","Public.Lands",1.012590554,87,"Public.Lands",1.808661471,87
"161","Economics",-0.145222983,88,"Economics",-0.215103283,88
"162","Civil.Rights",-0.264060098,88,"Civil.Rights",-0.460935606,88
"163","Health",-0.04854194,88,"Health",-0.165936818,88
"164","Agriculture",0.098493812,88,"Agriculture",-0.165936818,88
"165","Labor",-0.092854085,88,"Labor",-0.387185909,88
"166","Education",0.130720826,88,"Education",-0.387185909,88
"167","Environment",-0.638699138,88,"Environment",-0.387185909,88
"168","Energy",-0.767607195,88,"Energy",-0.411769141,88
"169","Immigration",-0.594386993,88,"Immigration",-0.436352373,88
"170","Transportation",0.241501188,88,"Transportation",-0.141353586,88
"171","Law.Crime",-0.231833083,88,"Law.Crime",-0.19052005,88
"172","Welfare",-0.056598694,88,"Welfare",-0.28885298,88
"173","Housing",-0.443322864,88,"Housing",-0.411769141,88
"174","Commerce",-0.094868273,88,"Commerce",-0.067603889,88
"175","Defense",0.88805566,88,"Defense",1.235307423,88
"176","Science",-0.600429559,88,"Science",-0.411769141,88
"177","Trade",0.052167479,88,"Trade",-0.018437424,88
"178","International.Affairs",-0.578273486,88,"International.Affairs",-0.239686515,88
"179","Government.Operations",2.368484126,88,"Government.Operations",1.776138534,88
"180","Public.Lands",0.777275299,88,"Public.Lands",1.776138534,88
"181","Economics",-0.16071443,89,"Economics",-0.032269358,89
"182","Civil.Rights",-0.491224884,89,"Civil.Rights",-0.54857908,89
"183","Health",-0.008858276,89,"Health",-0.268911314,89
"184","Agriculture",-0.162203216,89,"Agriculture",-0.182859693,89
"185","Labor",-0.06096578,89,"Labor",-0.333450029,89
"186","Education",0.463086832,89,"Education",-0.268911314,89
"187","Environment",-0.419763164,89,"Environment",-0.441014555,89
"188","Energy",-0.786004478,89,"Energy",-0.397988744,89
"189","Immigration",-0.772605405,89,"Immigration",-0.527066175,89
"190","Transportation",0.56730184,89,"Transportation",0.161346788,89
"191","Law.Crime",0.035805299,89,"Law.Crime",0.161346788,89
"192","Welfare",0.101311876,89,"Welfare",-0.46252746,89
"193","Housing",-0.522489386,89,"Housing",-0.46252746,89
"194","Commerce",0.050693157,89,"Commerce",-0.204372598,89
"195","Defense",1.083910522,89,"Defense",2.011456627,89
"196","Science",-0.666901612,89,"Science",-0.50555327,89
"197","Trade",-0.340857515,89,"Trade",-0.053782263,89
"198","International.Affairs",-0.721986687,89,"International.Affairs",-0.204372598,89
"199","Government.Operations",2.029289523,89,"Government.Operations",1.538172715,89
"200","Public.Lands",0.783175785,89,"Public.Lands",1.021862992,89
"201","Economics",-0.236728213,90,"Economics",-0.14757738,90
"202","Civil.Rights",-0.469531259,90,"Civil.Rights",-0.516520829,90
"203","Health",-0.087842544,90,"Health",-0.281738634,90
"204","Agriculture",0.098941294,90,"Agriculture",-0.181117693,90
"205","Labor",0.02449846,90,"Labor",-0.516520829,90
"206","Education",-0.098670593,90,"Education",-0.114037066,90
"207","Environment",-0.378846351,90,"Environment",-0.382359575,90
"208","Energy",-0.645487049,90,"Energy",-0.449440202,90
"209","Immigration",-0.66578964,90,"Immigration",-0.482980515,90
"210","Transportation",0.242412939,90,"Transportation",0.556769205,90
"211","Law.Crime",0.218049829,90,"Law.Crime",-0.013416125,90
"212","Welfare",0.212635805,90,"Welfare",-0.449440202,90
"213","Housing",-0.335534157,90,"Housing",-0.449440202,90
"214","Commerce",-0.087842544,90,"Commerce",-0.080496753,90
"215","Defense",0.643050738,90,"Defense",0.825091714,90
"216","Science",-0.760535065,90,"Science",-0.382359575,90
"217","Trade",0.058336112,90,"Trade",-0.14757738,90
"218","International.Affairs",-0.669850158,90,"International.Affairs",-0.348819261,90
"219","Government.Operations",2.508182114,90,"Government.Operations",2.099623629,90
"220","Public.Lands",0.430550284,90,"Public.Lands",1.462357671,90
"221","Economics",-0.105080687,91,"Economics",0.316869535,91
"222","Civil.Rights",-0.627532415,91,"Civil.Rights",-0.524111222,91
"223","Health",0.225510238,91,"Health",-0.223760951,91
"224","Agriculture",-0.165590633,91,"Agriculture",-0.103620843,91
"225","Labor",-0.201011089,91,"Labor",-0.373936087,91
"226","Education",-0.230528136,91,"Education",-0.403971114,91
"227","Environment",0.210751714,91,"Environment",-0.313866033,91
"228","Energy",-0.81348981,91,"Energy",-0.464041168,91
"229","Immigration",-0.786924468,91,"Immigration",-0.554146249,91
"230","Transportation",0.308157969,91,"Transportation",0.376939589,91
"231","Law.Crime",0.356861096,91,"Law.Crime",-0.34390106,91
"232","Welfare",0.333247458,91,"Welfare",-0.494076195,91
"233","Housing",-0.636387529,91,"Housing",-0.434006141,91
"234","Commerce",0.035125286,91,"Commerce",-0.313866033,91
"235","Defense",0.898498905,91,"Defense",1.308025428,91
"236","Science",-0.63048412,91,"Science",-0.434006141,91
"237","Trade",-0.09474972,91,"Trade",0.076589319,91
"238","International.Affairs",-0.721986965,91,"International.Affairs",-0.34390106,91
"239","Government.Operations",2.223814306,91,"Government.Operations",1.458200563,91
"240","Public.Lands",0.421798599,91,"Public.Lands",1.78858586,91
"241","Economics",-0.085330905,92,"Economics",-0.140245937,92
"242","Civil.Rights",-0.712217357,92,"Civil.Rights",-0.456293119,92
"243","Health",0.675043497,92,"Health",-0.179751835,92
"244","Agriculture",-0.360755411,92,"Agriculture",-0.021728244,92
"245","Labor",0.048157045,92,"Labor",-0.456293119,92
"246","Education",-0.124194486,92,"Education",-0.298269528,92
"247","Environment",0.168127229,92,"Environment",-0.061234142,92
"248","Energy",-0.886258609,92,"Energy",-0.298269528,92
"249","Immigration",-1.006228792,92,"Immigration",-0.61431671,92
"250","Transportation",0.384411503,92,"Transportation",0.452342529,92
"251","Law.Crime",0.37765262,92,"Law.Crime",-0.140245937,92
"252","Welfare",0.4165162,92,"Welfare",-0.337775426,92
"253","Housing",-0.497622803,92,"Housing",-0.377281324,92
"254","Commerce",-0.017742069,92,"Commerce",-0.377281324,92
"255","Defense",0.867671679,92,"Defense",0.847401507,92
"256","Science",-0.659836009,92,"Science",-0.298269528,92
"257","Trade",-0.56690136,92,"Trade",-0.495799017,92
"258","International.Affairs",-0.658146288,92,"International.Affairs",-0.377281324,92
"259","Government.Operations",1.778431241,92,"Government.Operations",1.637519462,92
"260","Public.Lands",0.859223074,92,"Public.Lands",1.993072542,92
"261","Economics",-0.242956819,93,"Economics",-0.374710232,93
"262","Civil.Rights",-0.45453866,93,"Civil.Rights",-0.526876824,93
"263","Health",0.716407417,93,"Health",-0.374710232,93
"264","Agriculture",-0.348747739,93,"Agriculture",-0.222543641,93
"265","Labor",0.083111086,93,"Labor",-0.184501993,93
"266","Education",-0.235710866,93,"Education",-0.298626937,93
"267","Environment",-0.205277861,93,"Environment",-0.184501993,93
"268","Energy",0.368601652,93,"Energy",-0.070377049,93
"269","Immigration",-1.209567008,93,"Immigration",-0.641001768,93
"270","Transportation",0.1120949,93,"Transportation",0.043747895,93
"271","Law.Crime",0.359906508,93,"Law.Crime",-0.260585289,93
"272","Welfare",0.278751829,93,"Welfare",-0.222543641,93
"273","Housing",-0.629890733,93,"Housing",-0.526876824,93
"274","Commerce",0.36570327,93,"Commerce",-0.260585289,93
"275","Defense",0.733797705,93,"Defense",0.728497559,93
"276","Science",-0.748724369,93,"Science",-0.450793528,93
"277","Trade",-0.600906919,93,"Trade",0.081789543,93
"278","International.Affairs",-0.786403327,93,"International.Affairs",0.043747895,93
"279","Government.Operations",1.956914647,93,"Government.Operations",2.212121829,93
"280","Public.Lands",0.487435288,93,"Public.Lands",1.489330518,93
"281","Economics",-0.265840605,94,"Economics",-0.301660258,94
"282","Civil.Rights",-0.611088145,94,"Civil.Rights",-0.645013396,94
"283","Health",0.811932148,94,"Health",-0.350710706,94
"284","Agriculture",-0.291358902,94,"Agriculture",-0.154508912,94
"285","Labor",0.187484425,94,"Labor",-0.301660258,94
"286","Education",-0.258335224,94,"Education",-0.350710706,94
"287","Environment",-0.301866436,94,"Environment",-0.007357567,94
"288","Energy",0.098920925,94,"Energy",-0.105458464,94
"289","Immigration",-1.121454073,94,"Immigration",-0.84121519,94
"290","Transportation",0.046383256,94,"Transportation",0.67934871,94
"291","Law.Crime",0.170972586,94,"Law.Crime",-0.252609809,94
"292","Welfare",0.544740574,94,"Welfare",-0.105458464,94
"293","Housing",-0.457978366,94,"Housing",-0.546912499,94
"294","Commerce",0.277549,94,"Commerce",0.139793778,94
"295","Defense",0.508714744,94,"Defense",0.581247813,94
"296","Science",-0.632103212,94,"Science",-0.399761154,94
"297","Trade",-0.608085992,94,"Trade",-0.350710706,94
"298","International.Affairs",-0.717664559,94,"International.Affairs",-0.105458464,94
"299","Government.Operations",2.104358807,94,"Government.Operations",2.248963058,94
"300","Public.Lands",0.514719049,94,"Public.Lands",1.169853194,94
"301","Economics",-0.02673782,95,"Economics",0.139167808,95
"302","Civil.Rights",-0.60636888,95,"Civil.Rights",-0.636521614,95
"303","Health",0.76417811,95,"Health",-0.362748877,95
"304","Agriculture",0.087318615,95,"Agriculture",-0.317120087,95
"305","Labor",0.431357695,95,"Labor",-0.134604929,95
"306","Education",-0.252980911,95,"Education",-0.454006456,95
"307","Environment",-0.292246241,95,"Environment",0.093539019,95
"308","Energy",-0.037956486,95,"Energy",-0.454006456,95
"309","Immigration",-1.2645306,95,"Immigration",-0.819036772,95
"310","Transportation",0.001308844,95,"Transportation",0.458569335,95
"311","Law.Crime",0.259338155,95,"Law.Crime",-0.180233719,95
"312","Welfare",0.794094552,95,"Welfare",-0.545264035,95
"313","Housing",-0.582061771,95,"Housing",-0.590892824,95
"314","Commerce",0.227551935,95,"Commerce",0.002281439,95
"315","Defense",0.51362791,95,"Defense",0.276054177,95
"316","Science",-0.845700414,95,"Science",-0.271491298,95
"317","Trade",-0.619457323,95,"Trade",0.230425387,95
"318","International.Affairs",-0.783997753,95,"International.Affairs",-0.04334735,95
"319","Government.Operations",1.839300238,95,"Government.Operations",1.553660284,95
"320","Public.Lands",0.393962143,95,"Public.Lands",2.055576968,95
"321","Economics",0.390633687,96,"Economics",0.032141873,96
"322","Civil.Rights",-0.657486328,96,"Civil.Rights",-0.490163558,96
"323","Health",0.599614671,96,"Health",-0.369631536,96
"324","Agriculture",-0.316686569,96,"Agriculture",-0.128567491,96
"325","Labor",0.44207516,96,"Labor",-0.208922172,96
"326","Education",-0.44207516,96,"Education",-0.369631536,96
"327","Environment",-0.249169635,96,"Environment",-0.128567491,96
"328","Energy",0.609259947,96,"Energy",-0.168744832,96
"329","Immigration",-1.229772717,96,"Immigration",-0.650872922,96
"330","Transportation",-0.133426321,96,"Transportation",0.313383259,96
"331","Law.Crime",0.107705584,96,"Law.Crime",-0.249099513,96
"332","Welfare",0.512807185,96,"Welfare",-0.369631536,96
"333","Housing",-0.673561789,96,"Housing",-0.530340899,96
"334","Commerce",0.525667554,96,"Commerce",-0.128567491,96
"335","Defense",0.371343134,96,"Defense",0.313383259,96
"336","Science",-0.969350259,96,"Science",-0.409808877,96
"337","Trade",-0.461365712,96,"Trade",-0.168744832,96
"338","International.Affairs",-0.757154183,96,"International.Affairs",-0.168744832,96
"339","Government.Operations",1.673455423,96,"Government.Operations",2.000831575,96
"340","Public.Lands",0.657486328,96,"Public.Lands",1.880299552,96
"341","Economics",0.687505112,97,"Economics",-0.187083399,97
"342","Civil.Rights",-0.67782681,97,"Civil.Rights",-0.616455133,97
"343","Health",0.14482888,97,"Health",-0.309761037,97
"344","Agriculture",-0.345999305,97,"Agriculture",-0.003066941,97
"345","Labor",0.393699509,97,"Labor",-0.432438675,97
"346","Education",-0.473891156,97,"Education",-0.371099856,97
"347","Environment",-0.349455841,97,"Environment",0.242288336,97
"348","Energy",0.124089661,97,"Energy",-0.248422218,97
"349","Immigration",-1.179024605,97,"Immigration",-0.677793952,97
"350","Transportation",-0.079845993,97,"Transportation",0.303627155,97
"351","Law.Crime",0.608004773,97,"Law.Crime",-0.003066941,97
"352","Welfare",0.407525655,97,"Welfare",-0.493777495,97
"353","Housing",-0.532652277,97,"Housing",-0.432438675,97
"354","Commerce",0.628743992,97,"Commerce",0.364965974,97
"355","Defense",0.383329899,97,"Defense",0.73299889,97
"356","Science",-0.874849391,97,"Science",-0.555116314,97
"357","Trade",-0.31143394,97,"Trade",-0.309761037,97
"358","International.Affairs",-0.833370953,97,"International.Affairs",-0.371099856,97
"359","Government.Operations",1.845444844,97,"Government.Operations",1.101031805,97
"360","Public.Lands",0.435177947,97,"Public.Lands",2.26646937,97
"361","Economics",0.328993511,98,"Economics",-0.361187605,98
"362","Civil.Rights",-0.760330798,98,"Civil.Rights",-0.494960792,98
"363","Health",0.22357503,98,"Health",-0.004459106,98
"364","Agriculture",-0.347441746,98,"Agriculture",-0.093641231,98
"365","Labor",0.408057372,98,"Labor",-0.138232293,98
"366","Education",-0.492392158,98,"Education",-0.272005481,98
"367","Environment",-0.303517378,98,"Environment",-0.093641231,98
"368","Energy",-0.246415701,98,"Energy",-0.316596543,98
"369","Immigration",-1.326955137,98,"Immigration",-0.584142917,98
"370","Transportation",0.131333858,98,"Transportation",-0.049050169,98
"371","Law.Crime",0.69356576,98,"Law.Crime",0.040131956,98
"372","Welfare",0.258714524,98,"Welfare",-0.45036973,98
"373","Housing",-0.672482064,98,"Housing",-0.494960792,98
"374","Commerce",0.781414495,98,"Commerce",-0.004459106,98
"375","Defense",0.509083417,98,"Defense",0.396860455,98
"376","Science",-0.826217349,98,"Science",-0.272005481,98
"377","Trade",-0.057540921,98,"Trade",-0.361187605,98
"378","International.Affairs",-0.672482064,98,"International.Affairs",-0.316596543,98
"379","Government.Operations",1.677471588,98,"Government.Operations",1.645410202,98
"380","Public.Lands",0.69356576,98,"Public.Lands",2.225094013,98
"381","Economics",-0.261819947,99,"Economics",-0.294194,99
"382","Civil.Rights",-0.839179368,99,"Civil.Rights",-0.449032947,99
"383","Health",0.777427013,99,"Health",-0.190968035,99
"384","Agriculture",-0.055978761,99,"Agriculture",-0.397419964,99
"385","Labor",0.205088108,99,"Labor",-0.190968035,99
"386","Education",-0.643379217,99,"Education",-0.449032947,99
"387","Environment",-0.091122378,99,"Environment",-0.036129088,99
"388","Energy",-0.387332864,99,"Energy",-0.397419964,99
"389","Immigration",-1.361313106,99,"Immigration",-0.603871894,99
"390","Transportation",0.285416375,99,"Transportation",-0.08774207,99
"391","Law.Crime",0.656934612,99,"Law.Crime",0.273548807,99
"392","Welfare",-0.015814628,99,"Welfare",-0.190968035,99
"393","Housing",-0.738769034,99,"Housing",-0.449032947,99
"394","Commerce",0.566565311,99,"Commerce",0.221935824,99
"395","Defense",0.441052393,99,"Defense",0.170322842,99
"396","Science",-0.824117818,99,"Science",-0.294194,99
"397","Trade",0.265334308,99,"Trade",-0.397419964,99
"398","International.Affairs",-0.312025114,99,"International.Affairs",-0.08774207,99
"399","Government.Operations",1.671078987,99,"Government.Operations",1.615486348,99
"400","Public.Lands",0.661955128,99,"Public.Lands",2.234842137,99
"401","Economics",-0.499491505,100,"Economics",-0.365442886,100
"402","Civil.Rights",-0.849744695,100,"Civil.Rights",-0.430700544,100
"403","Health",0.997967784,100,"Health",-0.169669911,100
"404","Agriculture",-0.042639519,100,"Agriculture",-0.071783424,100
"405","Labor",0.236547806,100,"Labor",-0.430700544,100
"406","Education",-0.535024437,100,"Education",-0.300185228,100
"407","Environment",0.21116714,100,"Environment",0.189247209,100
"408","Energy",-0.438577907,100,"Energy",-0.234927569,100
"409","Immigration",-1.35228188,100,"Immigration",-0.528587031,100
"410","Transportation",0.180710341,100,"Transportation",-0.006525766,100
"411","Law.Crime",0.282233005,100,"Law.Crime",-0.039154595,100
"412","Welfare",-0.139086049,100,"Welfare",-0.365442886,100
"413","Housing",-0.57055737,100,"Housing",-0.365442886,100
"414","Commerce",0.35329887,100,"Commerce",-0.006525766,100
"415","Defense",0.343146603,100,"Defense",0.058731892,100
"416","Science",-0.804059496,100,"Science",-0.234927569,100
"417","Trade",0.444669267,100,"Trade",-0.365442886,100
"418","International.Affairs",-0.397968842,100,"International.Affairs",-0.20229874,100
"419","Government.Operations",1.505581102,100,"Government.Operations",1.429142714,100
"420","Public.Lands",1.074109781,100,"Public.Lands",2.440636416,100
"421","Economics",-0.288409567,101,"Economics",-0.437445679,101
"422","Civil.Rights",-0.733163895,101,"Civil.Rights",-0.351249486,101
"423","Health",1.159311154,101,"Health",0.122829575,101
"424","Agriculture",-0.533478278,101,"Agriculture",-0.308151389,101
"425","Labor",0.219881094,101,"Labor",-0.351249486,101
"426","Education",-0.415482232,101,"Education",-0.221955197,101
"427","Environment",0.59202247,101,"Environment",-0.135759004,101
"428","Energy",-0.501710112,101,"Energy",-0.437445679,101
"429","Immigration",-1.318605817,101,"Immigration",-0.609838064,101
"430","Transportation",0.120038285,101,"Transportation",0.036633382,101
"431","Law.Crime",0.16542138,101,"Law.Crime",-0.221955197,101
"432","Welfare",-0.279332948,101,"Welfare",-0.308151389,101
"433","Housing",-0.542554897,101,"Housing",-0.351249486,101
"434","Commerce",0.365106997,101,"Commerce",0.209025768,101
"435","Defense",0.319723902,101,"Defense",0.381418153,101
"436","Science",-0.769470371,101,"Science",-0.394347582,101
"437","Trade",0.909704133,101,"Trade",-0.480543775,101
"438","International.Affairs",-0.547093207,101,"International.Affairs",-0.006464714,101
"439","Government.Operations",1.322690295,101,"Government.Operations",1.889851528,101
"440","Public.Lands",0.755401611,101,"Public.Lands",1.97604772,101
"441","Economics",-0.006545463,102,"Economics",-0.439599827,102
"442","Civil.Rights",-0.751091915,102,"Civil.Rights",-0.324420833,102
"443","Health",0.926183059,102,"Health",0.021116149,102
"444","Agriculture",-0.677455453,102,"Agriculture",-0.247634837,102
"445","Labor",0.112091059,102,"Labor",-0.247634837,102
"446","Education",-0.247909423,102,"Education",-0.247634837,102
"447","Environment",0.251182155,102,"Environment",-0.247634837,102
"448","Energy",-0.579273503,102,"Energy",-0.439599827,102
"449","Immigration",-1.246092578,102,"Immigration",-0.554778821,102
"450","Transportation",0.198000265,102,"Transportation",-0.132455843,102
"451","Law.Crime",-0.027000036,102,"Law.Crime",-0.017276849,102
"452","Welfare",-0.317454971,102,"Welfare",-0.401206829,102
"453","Housing",-0.771546488,102,"Housing",-0.401206829,102
"454","Commerce",0.705273672,102,"Commerce",-0.055669847,102
"455","Defense",0.43527331,102,"Defense",0.558618121,102
"456","Science",-0.71018277,102,"Science",-0.209241839,102
"457","Trade",1.110274215,102,"Trade",-0.362813831,102
"458","International.Affairs",-0.440182408,102,"International.Affairs",-0.132455843,102
"459","Government.Operations",1.306638114,102,"Government.Operations",2.13273104,102
"460","Public.Lands",0.72981916,102,"Public.Lands",1.74880106,102
"461","Economics",-0.240126725,103,"Economics",-0.484485291,103
"462","Civil.Rights",-0.664394344,103,"Civil.Rights",-0.395179247,103
"463","Health",0.901459343,103,"Health",-0.305873202,103
"464","Agriculture",-0.598785949,103,"Agriculture",-0.26122018,103
"465","Labor",0.258497075,103,"Labor",-0.26122018,103
"466","Education",-0.42383023,103,"Education",-0.216567158,103
"467","Environment",0.398461651,103,"Environment",0.006697953,103
"468","Energy",-0.738750524,103,"Energy",-0.395179247,103
"469","Immigration",-1.141148679,103,"Immigration",-0.529138313,103
"470","Transportation",0.166645323,103,"Transportation",-0.082608091,103
"471","Law.Crime",0.52967844,103,"Law.Crime",-0.127261113,103
"472","Welfare",-0.296987333,103,"Welfare",-0.171914136,103
"473","Housing",-0.559420912,103,"Housing",-0.395179247,103
"474","Commerce",0.621530193,103,"Commerce",0.229963064,103
"475","Defense",0.1185325,103,"Defense",0.319269109,103
"476","Science",-0.773741668,103,"Science",-0.395179247,103
"477","Trade",0.499061189,103,"Trade",-0.127261113,103
"478","International.Affairs",-0.49818641,103,"International.Affairs",-0.305873202,103
"479","Government.Operations",1.662516722,103,"Government.Operations",2.239349064,103
"480","Public.Lands",0.77899034,103,"Public.Lands",1.658859775,103
"481","Economics",-0.265428135,104,"Economics",-0.46787397,104
"482","Civil.Rights",-0.410388886,104,"Civil.Rights",-0.354449977,104
"483","Health",1.074209155,104,"Health",0.15595799,104
"484","Agriculture",-0.470372645,104,"Agriculture",-0.241025984,104
"485","Labor",0.329410811,104,"Labor",-0.297737981,104
"486","Education",-0.585341517,104,"Education",-0.524585966,104
"487","Environment",0.474371563,104,"Environment",0.15595799,104
"488","Energy",-0.500364525,104,"Energy",0.496229968,104
"489","Immigration",-1.065211591,104,"Immigration",-0.638009959,104
"490","Transportation",0.174452766,104,"Transportation",-0.241025984,104
"491","Law.Crime",0.40439051,104,"Law.Crime",-0.184313988,104
"492","Welfare",-0.460375352,104,"Welfare",-0.46787397,104
"493","Housing",-0.530356405,104,"Housing",-0.638009959,104
"494","Commerce",0.529356675,104,"Commerce",0.212669986,104
"495","Defense",0.034490662,104,"Defense",0.15595799,104
"496","Science",-0.690313096,104,"Science",-0.581297962,104
"497","Trade",-0.435382119,104,"Trade",-0.184313988,104
"498","International.Affairs",-0.36040242,104,"International.Affairs",0.099245994,104
"499","Government.Operations",1.7440278,104,"Government.Operations",2.311013851,104
"500","Public.Lands",1.009226749,104,"Public.Lands",1.23348592,104
"501","Economics",-0.180793787,105,"Economics",-0.517430176,105
"502","Civil.Rights",-0.381675772,105,"Civil.Rights",-0.451515504,105
"503","Health",0.597623907,105,"Health",-0.056027471,105
"504","Agriculture",-0.397655021,105,"Agriculture",-0.517430176,105
"505","Labor",0.113680942,105,"Labor",-0.121942143,105
"506","Education",-0.189924786,105,"Education",-0.187856816,105
"507","Environment",-0.128290541,105,"Environment",0.141716545,105
"508","Energy",-0.436461768,105,"Energy",0.141716545,105
"509","Immigration",-0.673867751,105,"Immigration",-0.715174193,105
"510","Transportation",-0.205904035,105,"Transportation",-0.056027471,105
"511","Law.Crime",0.095418943,105,"Law.Crime",0.339460562,105
"512","Welfare",-0.356565524,105,"Welfare",-0.583344848,105
"513","Housing",-0.420482519,105,"Housing",-0.715174193,105
"514","Commerce",0.010957199,105,"Commerce",0.405375234,105
"515","Defense",-0.201338535,105,"Defense",0.207631217,105
"516","Science",-0.436461768,105,"Science",-0.385600832,105
"517","Trade",2.645250508,105,"Trade",-0.583344848,105
"518","International.Affairs",-0.331455276,105,"International.Affairs",0.075801873,105
"519","Government.Operations",0.531424161,105,"Government.Operations",1.591839332,105
"520","Public.Lands",0.346521425,105,"Public.Lands",1.987327365,105
"521","Economics",-0.205335648,106,"Economics",-0.362937656,106
"522","Civil.Rights",-0.639345193,106,"Civil.Rights",-0.386277698,106
"523","Health",1.80502932,106,"Health",-0.176217318,106
"524","Agriculture",-0.500134584,106,"Agriculture",-0.269577487,106
"525","Labor",0.392451084,106,"Labor",-0.106197192,106
"526","Education",-0.012897453,106,"Education",-0.339597614,106
"527","Environment",0.056707851,106,"Environment",-0.106197192,106
"528","Energy",-0.365018405,106,"Energy",-0.292917529,106
"529","Immigration",-1.130676753,106,"Immigration",-0.40961774,106
"530","Transportation",-0.373207264,106,"Transportation",-0.176217318,106
"531","Law.Crime",0.466150818,106,"Law.Crime",-0.08285715,106
"532","Welfare",-0.524701162,106,"Welfare",-0.339597614,106
"533","Housing",-0.778555802,106,"Housing",-0.339597614,106
"534","Commerce",0.343317928,106,"Commerce",-0.106197192,106
"535","Defense",-0.037464031,106,"Defense",0.057183103,106
"536","Science",-0.524701162,106,"Science",-0.292917529,106
"537","Trade",0.408828803,106,"Trade",-0.199557361,106
"538","International.Affairs",-0.373207264,106,"International.Affairs",-0.129537234,106
"539","Government.Operations",1.149920573,106,"Government.Operations",2.204466983,106
"540","Public.Lands",0.842838348,106,"Public.Lands",1.85436635,106
"541","Economics",-0.066664787,107,"Economics",-0.291208956,107
"542","Civil.Rights",-0.634696109,107,"Civil.Rights",-0.390484736,107
"543","Health",1.550646616,107,"Health",-0.092657395,107
"544","Agriculture",-0.579470842,107,"Agriculture",-0.357392809,107
"545","Labor",0.347524719,107,"Labor",-0.158841249,107
"546","Education",0.091121691,107,"Education",-0.258117029,107
"547","Environment",-0.137668702,107,"Environment",-0.191933175,107
"548","Energy",-0.401961054,107,"Energy",-0.324300882,107
"549","Immigration",-1.115944868,107,"Immigration",-0.45666859,107
"550","Transportation",-0.370403758,107,"Transportation",-0.324300882,107
"551","Law.Crime",0.158180945,107,"Law.Crime",-0.092657395,107
"552","Welfare",-0.480854293,107,"Welfare",-0.423576663,107
"553","Housing",-0.693866039,107,"Housing",-0.390484736,107
"554","Commerce",0.45008593,107,"Commerce",0.006618385,107
"555","Defense",0.00828379,107,"Defense",0.138986092,107
"556","Science",-0.670198067,107,"Science",-0.125749322,107
"557","Trade",1.077287181,107,"Trade",-0.357392809,107
"558","International.Affairs",-0.469020307,107,"International.Affairs",0.172078019,107
"559","Government.Operations",1.049674547,107,"Government.Operations",2.389237113,107
"560","Public.Lands",0.887943407,107,"Public.Lands",1.528847017,107
"561","Economics",0.192341723,108,"Economics",-0.332171193,108
"562","Civil.Rights",-0.670539377,108,"Civil.Rights",-0.441979852,108
"563","Health",1.646062592,108,"Health",-0.085101711,108
"564","Agriculture",-0.517516128,108,"Agriculture",-0.277266864,108
"565","Labor",0.234848181,108,"Labor",-0.167458205,108
"566","Education",0.141333973,108,"Education",-0.19491037,108
"567","Environment",-0.088200901,108,"Environment",-0.14000604,108
"568","Energy",-0.419751274,108,"Energy",-0.414527688,108
"569","Immigration",-1.133859771,108,"Immigration",-0.441979852,108
"570","Transportation",-0.134958005,108,"Transportation",-0.14000604,108
"571","Law.Crime",0.213594952,108,"Law.Crime",-0.085101711,108
"572","Welfare",-0.594027753,108,"Welfare",-0.222362534,108
"573","Housing",-0.734299065,108,"Housing",-0.359623358,108
"574","Commerce",0.060571703,108,"Commerce",-0.030197381,108
"575","Defense",0.770429554,108,"Defense",0.134515607,108
"576","Science",-0.598278398,108,"Science",-0.222362534,108
"577","Trade",-0.215720275,108,"Trade",-0.277266864,108
"578","International.Affairs",-0.347490295,108,"International.Affairs",-0.030197381,108
"579","Government.Operations",1.059473469,108,"Government.Operations",2.687566928,108
"580","Public.Lands",1.135985094,108,"Public.Lands",1.040437044,108
"581","Economics",-0.170199159,109,"Economics",-0.262017478,109
"582","Civil.Rights",-0.696356785,109,"Civil.Rights",-0.343897939,109
"583","Health",1.456397893,109,"Health",-0.016376092,109
"584","Agriculture",-0.645024334,109,"Agriculture",-0.343897939,109
"585","Labor",0.038338925,109,"Labor",-0.343897939,109
"586","Education",0.047963759,109,"Education",-0.125550041,109
"587","Environment",-0.263239227,109,"Environment",-0.070963067,109
"588","Energy",-0.064325978,109,"Energy",-0.262017478,109
"589","Immigration",-1.013976328,109,"Immigration",-0.425778401,109
"590","Transportation",-0.295322009,109,"Transportation",-0.098256554,109
"591","Law.Crime",0.166670053,109,"Law.Crime",-0.070963067,109
"592","Welfare",-0.622566386,109,"Welfare",-0.262017478,109
"593","Housing",-0.702773342,109,"Housing",-0.398484914,109
"594","Commerce",0.45862337,109,"Commerce",0.201971806,109
"595","Defense",0.420124031,109,"Defense",0.092797857,109
"596","Science",-0.661065725,109,"Science",-0.371191426,109
"597","Trade",1.488480675,109,"Trade",-0.316604452,109
"598","International.Affairs",-0.43648625,109,"International.Affairs",-0.125550041,109
"599","Government.Operations",0.740951852,109,"Government.Operations",2.767559606,109
"600","Public.Lands",0.753784965,109,"Public.Lands",0.775135038,109
"601","Economics",-0.161948856,110,"Economics",-0.192369091,110
"602","Civil.Rights",-0.682941773,110,"Civil.Rights",-0.256492121,110
"603","Health",1.445135114,110,"Health",0.042748687,110
"604","Agriculture",-0.669158892,110,"Agriculture",-0.170994747,110
"605","Labor",-0.007580585,110,"Labor",-0.277866464,110
"606","Education",0.094412738,110,"Education",-0.170994747,110
"607","Environment",-0.283238213,110,"Environment",-0.213743434,110
"608","Energy",0.1219785,110,"Energy",-0.299240808,110
"609","Immigration",-0.997191469,110,"Immigration",-0.320615151,110
"610","Transportation",-0.489981433,110,"Transportation",-0.106871717,110
"611","Law.Crime",0.053064093,110,"Law.Crime",0.021374343,110
"612","Welfare",-0.652619434,110,"Welfare",-0.320615151,110
"613","Housing",-0.578191874,110,"Housing",-0.277866464,110
"614","Commerce",0.38109667,110,"Commerce",2.06e-16,110
"615","Defense",0.565787281,110,"Defense",0.085497374,110
"616","Science",-0.682941773,110,"Science",-0.235117778,110
"617","Trade",1.434108809,110,"Trade",-0.192369091,110
"618","International.Affairs",-0.41831045,110,"International.Affairs",-0.149620404,110
"619","Government.Operations",0.902089587,110,"Government.Operations",2.949659392,110
"620","Public.Lands",0.626431959,110,"Public.Lands",0.085497374,110
"621","Economics",0.038797062,111,"Economics",-0.209076607,111
"622","Civil.Rights",-0.689830686,111,"Civil.Rights",-0.32209099,111
"623","Health",1.568599909,111,"Health",-0.039555034,111
"624","Agriculture",-0.793920364,111,"Agriculture",-0.293837394,111
"625","Labor",0.082956319,111,"Labor",-0.237330203,111
"626","Education",0.064030923,111,"Education",-0.32209099,111
"627","Environment",-0.109451874,111,"Environment",-0.265583798,111
"628","Energy",0.123961344,111,"Energy",-0.293837394,111
"629","Immigration",-1.021025116,111,"Immigration",-0.350344585,111
"630","Transportation",-0.311322765,111,"Transportation",0.101712944,111
"631","Law.Crime",0.098727483,111,"Law.Crime",-0.067808629,111
"632","Welfare",-0.475342864,111,"Welfare",-0.237330203,111
"633","Housing",-0.35232779,111,"Housing",-0.265583798,111
"634","Commerce",0.893594116,111,"Commerce",0.3842489,111
"635","Defense",0.63810127,111,"Defense",0.101712944,111
"636","Science",-0.6235918,111,"Science",-0.237330203,111
"637","Trade",-0.557352913,111,"Trade",-0.237330203,111
"638","International.Affairs",-0.522656354,111,"International.Affairs",-0.096062225,111
"639","Government.Operations",1.373037483,111,"Government.Operations",2.898818906,111
"640","Public.Lands",0.575016616,111,"Public.Lands",-0.011301438,111
"641","Economics",-0.115554388,112,"Economics",-0.41745209,112
"642","Civil.Rights",-0.527408114,112,"Civil.Rights",-0.41745209,112
"643","Health",0.614015069,112,"Health",-0.178908039,112
"644","Agriculture",-0.550942613,112,"Agriculture",-0.41745209,112
"645","Labor",0.039773303,112,"Labor",-0.226616849,112
"646","Education",-0.167330285,112,"Education",-0.274325659,112
"647","Environment",-0.212045832,112,"Environment",-0.322034469,112
"648","Energy",-0.117907838,112,"Energy",-0.226616849,112
"649","Immigration",-0.786287599,112,"Immigration",-0.4651609,112
"650","Transportation",-0.169683735,112,"Transportation",0.298180064,112
"651","Law.Crime",-0.059071592,112,"Law.Crime",0.155053633,112
"652","Welfare",-0.459158068,112,"Welfare",-0.36974328,112
"653","Housing",-0.41679597,112,"Housing",-0.4651609,112
"654","Commerce",0.218635492,112,"Commerce",0.202762444,112
"655","Defense",0.185687194,112,"Defense",0.345888875,112
"656","Science",-0.562709862,112,"Science",-0.322034469,112
"657","Trade",2.501481857,112,"Trade",0.011927203,112
"658","International.Affairs",-0.402675271,112,"International.Affairs",-0.131199228,112
"659","Government.Operations",0.715213413,112,"Government.Operations",2.731329388,112
"660","Public.Lands",0.272764839,112,"Public.Lands",0.489015305,112
"661","Economics",0.042366436,113,"Economics",-0.330742037,113
"662","Civil.Rights",-0.514033969,113,"Civil.Rights",-0.409024176,113
"663","Health",1.595196325,113,"Health",0.138950797,113
"664","Agriculture",-0.677681147,113,"Agriculture",-0.369883106,113
"665","Labor",-0.252198484,113,"Labor",-0.291600968,113
"666","Education",0.242379654,113,"Education",-0.291600968,113
"667","Environment",-0.154010177,113,"Environment",-0.174177759,113
"668","Energy",-0.197649425,113,"Energy",-0.017613481,113
"669","Immigration",-0.623132088,113,"Immigration",-0.330742037,113
"670","Transportation",-0.383116227,113,"Transportation",-0.017613481,113
"671","Law.Crime",0.162374367,113,"Law.Crime",-0.017613481,113
"672","Welfare",-0.503124157,113,"Welfare",-0.369883106,113
"673","Housing",-0.681317751,113,"Housing",-0.369883106,113
"674","Commerce",0.613313257,113,"Commerce",0.060668658,113
"675","Defense",0.84605591,113,"Defense",0.138950797,113
"676","Science",-0.666771335,113,"Science",-0.369883106,113
"677","Trade",-0.721320394,113,"Trade",-0.409024176,113
"678","International.Affairs",-0.292201128,113,"International.Affairs",-0.056754551,113
"679","Government.Operations",1.457005374,113,"Government.Operations",2.761402451,113
"680","Public.Lands",0.70786496,113,"Public.Lands",0.726066839,113
"681","Economics",-0.312091571,114,"Economics",-0.454295194,114
"682","Civil.Rights",-0.33053125,114,"Civil.Rights",-0.354450096,114
"683","Health",2.002088173,114,"Health",0.644000879,114
"684","Agriculture",-0.791523231,114,"Agriculture",-0.254604999,114
"685","Labor",-0.431949486,114,"Labor",-0.454295194,114
"686","Education",0.3793964,114,"Education",-0.254604999,114
"687","Environment",-0.072375741,114,"Environment",-0.054914804,114
"688","Energy",-0.219893175,114,"Energy",-0.454295194,114
"689","Immigration",-0.431949486,114,"Immigration",-0.454295194,114
"690","Transportation",-0.10003526,114,"Transportation",0.444310684,114
"691","Law.Crime",0.531523754,114,"Law.Crime",-0.154759901,114
"692","Welfare",-0.422729646,114,"Welfare",-0.354450096,114
"693","Housing",-0.768473632,114,"Housing",-0.454295194,114
"694","Commerce",0.61911223,114,"Commerce",-0.054914804,114
"695","Defense",0.554573353,114,"Defense",0.843691074,114
"696","Science",-0.657835557,114,"Science",-0.254604999,114
"697","Trade",-0.754643873,114,"Trade",-0.454295194,114
"698","International.Affairs",-0.265992373,114,"International.Affairs",-0.054914804,114
"699","Government.Operations",1.034005013,114,"Government.Operations",2.541057732,114
"700","Public.Lands",0.439325358,114,"Public.Lands",0.044930294,114
